﻿[
  {
    "Id": "e1b7a2a1-10b1-4e6f-9c3f-00df9f5dce6f",
    "Name": "Tech Innovations Inc.",
    "Description": "A large technology company known for its cutting-edge software solutions and extensive development team.",
    "Securitycode": "BANK-TII-123456"
  },
  {
    "Id": "f2a8b3b2-20c2-4e7f-a3d2-11ef0f6dae7f",
    "Name": "Creative Solutions Ltd.",
    "Description": "A well-established company specializing in creative software solutions and innovative technology products.",
    "Securitycode": "BANK-CSL-654321"
  },
  {
    "Id": "g3c9d4c3-30d3-5f8g-b4e3-22gf1g7ebf8g",
    "Name": "GreenTech Development",
    "Description": "A technology company focusing on sustainable and eco-friendly software solutions with a dedicated development team.",
    "Securitycode": "BANK-GTD-789012"
  },
  {
    "Id": "h4d0e5d4-40e4-6g9h-c5f4-33hg2h8fcg9h",
    "Name": "Laura Roberts",
    "Description": "An independent software developer working on various freelance projects, known for expertise in web development.",
    "Securitycode": "BANK-LRO-321098"
  },
  {
    "Id": "i5e1f6e5-50f5-7h0i-d6g5-44ih3i9hdh0i",
    "Name": "James Walker",
    "Description": "A solo entrepreneur managing a software startup, handling all aspects from development to business operations.",
    "Securitycode": "BANK-JWA-210987"
  },
  {
    "Id": "j6f2g7f6-60g6-8i1j-e7h6-55ji4j0ieij1j",
    "Name": "Samantha Green",
    "Description": "A freelance specialist providing consulting and development services, offering high-level expertise to clients on a contract basis.",
    "Securitycode": "BANK-SGR-456789"
  },
  {
    "Id": "k7g3h8g7-70h7-9j2k-f8i7-66kj5k1jfkj2k",
    "Name": "Alpha Tech Solutions",
    "Description": "A dynamic startup focusing on innovative software products and rapid development, known for its agile approach and creative solutions.",
    "Securitycode": "BANK-ATS-987654"
  },
  {
    "Id": "l8h4i9h8-80i8-0k3l-g9j8-77lk6l2kglk3l",
    "Name": "Benjamin Lee",
    "Description": "An open source contributor working with global communities to improve and expand open source projects and software.",
    "Securitycode": "BANK-BLE-567890"
  },
  {
    "Id": "m9i5j0i9-90j9-1l4m-h0k9-88ml7m3lhlm4m",
    "Name": "Sophia Turner",
    "Description": "A part-time developer balancing work on various projects with other commitments, contributing to both personal and professional software developments.",
    "Securitycode": "BANK-STU-654321"
  }
]