﻿[
  {
    "Id": "uuid-1",
    "UserId": "a1b2c3d4-e5f6-7g8h-9i0j-1k2l3m4n5o6p",
    "Content": "The Design Pro Studio software is fantastic for graphic design. The tools are powerful and the interface is user-friendly.",
    "Score": 88,
    "SoftwareId": "b2d3f2e4-g2d5-5f2e-b7g6-12fg1g2bcf2d"
  },
  {
    "Id": "uuid-2",
    "UserId": "b2c3d4e5-f6g7-8h9i-0j1k-2l3m4n5o6p7q",
    "Content": "Secure Cloud Storage offers reliable and secure storage solutions. It's a must-have for anyone needing robust cloud storage.",
    "Score": 92,
    "SoftwareId": "c3e4g3f5-h3e6-6g3f-c8h7-23hg2h3cdg3e"
  },
  {
    "Id": "uuid-3",
    "UserId": "c3d4e5f6-g7h8-9i0j-1k2l-3m4n5o6p7q8r",
    "Content": "Web Dev IDE has greatly improved my web development workflow. The features are top-notch and it’s very intuitive.",
    "Score": 85,
    "SoftwareId": "d4f5h4g6-i4f7-7h4g-d9i8-34ih3i4deg4f"
  },
  {
    "Id": "uuid-4",
    "UserId": "d4e5f6g7-h8i9-0j1k-2l3m-4n5o6p7q8r9s",
    "Content": "Ultimate Game Engine provides everything needed to develop complex games. The tools for physics and graphics are exceptional.",
    "Score": 97,
    "SoftwareId": "e5g6i5h7-j5g8-8i5h-e0j9-45ji4j5efh5g"
  },
  {
    "Id": "uuid-5",
    "UserId": "e5f6g7h8-i9j0-1k2l-3m4n-5o6p7q8r9s0t",
    "Content": "SafeGuard Antivirus is an essential tool for keeping my system secure. It effectively prevents and removes malware.",
    "Score": 90,
    "SoftwareId": "f6h7j6i8-k6h9-9j6i-f1k0-56kj5k6fgj6h"
  },
  {
    "Id": "uuid-6",
    "UserId": "f6g7h8i9-j0k1-2l3m-4n5o-6p7q8r9s0t1u",
    "Content": "Connect Pro Video Conferencing is very reliable and easy to use for meetings. The quality of the video and audio is excellent.",
    "Score": 89,
    "SoftwareId": "g7i8k7j9-l7i0-0k7j-g2l1-67lk6l7ghk7i"
  },
  {
    "Id": "uuid-7",
    "UserId": "g7h8i9j0-k1l2-3m4n-5o6p-7q8r9s0t1u2v",
    "Content": "EduTech Learning Suite is perfect for educational purposes. The interactive content is engaging and helpful for learning.",
    "Score": 82,
    "SoftwareId": "h8j9l8k0-m8j1-1l8k-h3m2-78ml7m8hil8j"
  },
  {
    "Id": "uuid-8",
    "UserId": "h8i9j0k1-l2m3-4n5o-6p7q-8r9s0t1u2v3w",
    "Content": "Optimizer Utility Pro is great for maintaining system performance. It has useful features for cleanup and optimization.",
    "Score": 86,
    "SoftwareId": "i9k0m9l1-n9k2-2m9l-i4n3-89nl8n9ijm9k"
  },
  {
    "Id": "uuid-9",
    "UserId": "i9j0k1l2-m3n4-5o6p-7q8r-9s0t1u2v3w4x",
    "Content": "The software offers a solid range of features for productivity. It integrates well with other tools and enhances efficiency.",
    "Score": 78,
    "SoftwareId": "a1c2e1d3-f1c4-4e1d-9a6f-01ef0f1abe1c"
  },
  {
    "Id": "uuid-10",
    "UserId": "j0k1l2m3-n4o5-6p7q-8r9s-0t1u2v3w4x5y",
    "Content": "Design Pro Studio is very powerful for creating detailed designs. The variety of tools available makes it worth the price.",
    "Score": 91,
    "SoftwareId": "b2d3f2e4-g2d5-5f2e-b7g6-12fg1g2bcf2d"
  }
]