﻿[
  {
    "Id": "d4f5b7c2-e8f6-4a3b-9b1d-c7e5f8d0e1a2",
    "SoftwareId": "a1c2e1d3-f1c4-4e1d-9a6f-01ef0f1abe1c",
    "ListId": "1a2b3c4d-1e2f-4a5b-8c9d-1f2g3h4i5j6k"
  },
  {
    "Id": "7d8e9f0a-5b6c-4d7e-8e9f-0b1c2d3e4f5a",
    "SoftwareId": "b2d3f2e4-g2d5-5f2e-b7g6-12fg1g2bcf2d",
    "ListId": "1a2b3c4d-1e2f-4a5b-8c9d-1f2g3h4i5j6k"
  },
  {
    "Id": "8a9b0c1d-2e3f-4a5b-6c7d-8e9f0b1c2d3e",
    "SoftwareId": "c3e4g3f5-h3e6-6g3f-c8h7-23hg2h3cdg3e",
    "ListId": "2b3c4d5e-2f3g-5b6c-9d7e-2g3h4i5j6k7l"
  },
  {
    "Id": "9f0a1b2c-3d4e-5f6g-7h8i-9j0k1l2m3n4o",
    "SoftwareId": "d4f5h4g6-i4f7-7h4g-d9i8-34ih3i4deg4f",
    "ListId": "2b3c4d5e-2f3g-5b6c-9d7e-2g3h4i5j6k7l"
  },
  {
    "Id": "a0b1c2d3-4e5f-6g7h-8i9j-0k1l2m3n4o5p",
    "SoftwareId": "e5g6i5h7-j5g8-8i5h-e0j9-45ji4j5efh5g",
    "ListId": "3c4d5e6f-3g4h-6c7d-0e8f-3h4i5j6k7l8m"
  },
  {
    "Id": "b1c2d3e4-5f6g-7h8i-9j0k-1l2m3n4o5p6q",
    "SoftwareId": "f6h7j6i8-k6h9-9j6i-f1k0-56kj5k6fgj6h",
    "ListId": "3c4d5e6f-3g4h-6c7d-0e8f-3h4i5j6k7l8m"
  },
  {
    "Id": "c2d3e4f5-6g7h-8i9j-0k1l-2m3n4o5p6q7r",
    "SoftwareId": "a1c2e1d3-f1c4-4e1d-9a6f-01ef0f1abe1c",
    "ListId": "4d5e6f7g-4h5i-7d8e-1f9g-4i5j6k7l8m9n"
  },
  {
    "Id": "d3e4f5g6-7h8i-9j0k-1l2m-3n4o5p6q7r8s",
    "SoftwareId": "b2d3f2e4-g2d5-5f2e-b7g6-12fg1g2bcf2d",
    "ListId": "4d5e6f7g-4h5i-7d8e-1f9g-4i5j6k7l8m9n"
  },
  {
    "Id": "e4f5g6h7-8i9j-0k1l-2m3n-4o5p6q7r8s9t",
    "SoftwareId": "e5g6i5h7-j5g8-8i5h-e0j9-45ji4j5efh5g",
    "ListId": "5e6f7g8h-5i6j-8e9f-2g0h-5j6k7l8m9n0o"
  },
  {
    "Id": "f5g6h7i8-9j0k-1l2m-3n4o-5p6q7r8s9t0u",
    "SoftwareId": "d4f5h4g6-i4f7-7h4g-d9i8-34ih3i4deg4f",
    "ListId": "5e6f7g8h-5i6j-8e9f-2g0h-5j6k7l8m9n0o"
  },
  {
    "Id": "g6h7i8j9-0k1l-2m3n-4o5p-6q7r8s9t0u1v",
    "SoftwareId": "b2d3f2e4-g2d5-5f2e-b7g6-12fg1g2bcf2d",
    "ListId": "6f7g8h9i-6j7k-9f0g-3h1i-6k7l8m9n0o1p"
  },
  {
    "Id": "h7i8j9k0-1l2m-3n4o-5p6q-7r8s9t0u1v2w",
    "SoftwareId": "a1c2e1d3-f1c4-4e1d-9a6f-01ef0f1abe1c",
    "ListId": "6f7g8h9i-6j7k-9f0g-3h1i-6k7l8m9n0o1p"
  },
  {
    "Id": "i8j9k0l1-2m3n-4o5p-6q7r-8s9t0u1v2w3x",
    "SoftwareId": "e5g6i5h7-j5g8-8i5h-e0j9-45ji4j5efh5g",
    "ListId": "7g8h9i0j-7k8l-0g1h-4i2j-7l8m9n0o1p2q"
  },
  {
    "Id": "j9k0l1m2-3n4o-5p6q-7r8s-9t0u1v2w3x4y",
    "SoftwareId": "d4f5h4g6-i4f7-7h4g-d9i8-34ih3i4deg4f",
    "ListId": "7g8h9i0j-7k8l-0g1h-4i2j-7l8m9n0o1p2q"
  },
  {
    "Id": "k0l1m2n3-4o5p-6q7r-8s9t-0u1v2w3x4y5z",
    "SoftwareId": "a1c2e1d3-f1c4-4e1d-9a6f-01ef0f1abe1c",
    "ListId": "8h9i0j1k-8l9m-1h2i-5j3k-8m9n0o1p2q3r"
  },
  {
    "Id": "l1m2n3o4-5p6q-7r8s-9t0u-1v2w3x4y5z6a",
    "SoftwareId": "b2d3f2e4-g2d5-5f2e-b7g6-12fg1g2bcf2d",
    "ListId": "8h9i0j1k-8l9m-1h2i-5j3k-8m9n0o1p2q3r"
  },
  {
    "Id": "m2n3o4p5-6q7r-8s9t-0u1v-2w3x4y5z6a7b",
    "SoftwareId": "e5g6i5h7-j5g8-8i5h-e0j9-45ji4j5efh5g",
    "ListId": "9i0j1k2l-9m0n-2i3j-6k4l-9n0o1p2q3r4s"
  },
  {
    "Id": "n3o4p5q6-7r8s-9t0u-1v2w-3x4y5z6a7b8c",
    "SoftwareId": "d4f5h4g6-i4f7-7h4g-d9i8-34ih3i4deg4f",
    "ListId": "9i0j1k2l-9m0n-2i3j-6k4l-9n0o1p2q3r4s"
  }
]