﻿[
  {
    "Id": "7d22a235-d5d2-4b7a-9e16-0b3b434f5d9b",
    "SoftwareId": "a1c2e1d3-f1c4-4e1d-9a6f-01ef0f1abe1c",
    "TagId": "d2d5f2b9-7a4b-4c4f-bf3e-0e4f6c7a12b5"
  },
  {
    "Id": "eb9f5d8e-934c-4f2e-a3be-1a3d0cb95a6a",
    "SoftwareId": "a1c2e1d3-f1c4-4e1d-9a6f-01ef0f1abe1c",
    "TagId": "g2l3m4n5-6o7p-8q9r-0s1t-2u3v4w5x6y7z"
  },
  {
    "Id": "e47d03a8-cb9d-4d5d-a3e4-d5a7c1d4a946",
    "SoftwareId": "b2d3f2e4-g2d5-5f2e-b7g6-12fg1g2bcf2d",
    "TagId": "c2b3d4e5-6f7g-8h9i-0j1k-2l3m4n5o6p7q"
  },
  {
    "Id": "2fc6e9c7-bd4f-4d53-a12d-f9c5b67e9d7a",
    "SoftwareId": "c3e4g3f5-h3e6-6g3f-c8h7-23hg2h3cdg3e",
    "TagId": "f5e6g7h8-9i0j-1k2l-3m4n-5o6p7q8r9s0t"
  },
  {
    "Id": "2cdbd15e-36f6-4e2a-b6d5-e0e6d02e5348",
    "SoftwareId": "d4f5h4g6-i4f7-7h4g-d9i8-34ih3i4deg4f",
    "TagId": "b1a2c3d4-5e6f-4a7b-8c9d-0e1f2g3h4i5j"
  },
  {
    "Id": "8b7d35e4-5ecb-4b77-9f53-df934f8c88a6",
    "SoftwareId": "e5g6i5h7-j5g8-8i5h-e0j9-45ji4j5efh5g",
    "TagId": "a6f7g8h9-0j1k-2l3m-4n5o-6p7q8r9s0t1u"
  },
  {
    "Id": "db1d5a57-9ec1-42d4-83a7-712c67926d62",
    "SoftwareId": "f6h7j6i8-k6h9-9j6i-f1k0-56kj5k6fgj6h",
    "TagId": "a1c2d3e4-5f6a-4b8c-a1b2-3c4d5e6f7a8b"
  },
  {
    "Id": "b51f31d1-65a7-4c5a-b2e5-94561c9b7e1e",
    "SoftwareId": "g7i8k7j9-l7i0-0k7j-g2l1-67lk6l7ghk7i",
    "TagId": "d3c4e5f6-7g8h-9i0j-1k2l-3m4n5o6p7q8r"
  },
  {
    "Id": "a3c2e5f0-86f3-4c53-b579-7d0b72b68a5a",
    "SoftwareId": "h8j9l8k0-m8j1-1l8k-h3m2-78ml7m8hil8j",
    "TagId": "c8h9i0j1-2k3l-4m5n-6o7p-8q9r0s1t2u3v"
  },
  {
    "Id": "1f6c2d0b-5b8a-44c4-a7e8-29e6d098c7a9",
    "SoftwareId": "i9k0m9l1-n9k2-2m9l-i4n3-89nl8n9ijm9k",
    "TagId": "b7g8h9i0-1j2k-3l4m-5n6o-7p8q9r0s1t2u"
  },
  {
    "Id": "8e59f6db-5c88-40a8-8e7d-3d9d07e77687",
    "SoftwareId": "i9k0m9l1-n9k2-2m9l-i4n3-89nl8n9ijm9k",
    "TagId": "e0j1k2l3-4m5n-6o7p-8q9r-0s1t2u3v4w5x"
  }
]