﻿[
  {
    "Id": "a1b2c3d4-e5f6-7g8h-9i0j-1k2l3m4n5o6p",
    "Name": "AliceJohnson92",
    "Securitycode": "1234-5678-9012-3456"
  },
  {
    "Id": "b2c3d4e5-f6g7-8h9i-0j1k-2l3m4n5o6p7q",
    "Name": "Robert_Smith_45",
    "Securitycode": "9876-5432-1098-7654"
  },
  {
    "Id": "c3d4e5f6-g7h8-9i0j-1k2l-3m4n5o6p7q8r",
    "Name": "Maria_Garcia77",
    "Securitycode": "1111-2222-3333-4444"
  },
  {
    "Id": "d4e5f6g7-h8i9-0j1k-2l3m-4n5o6p7q8r9s",
    "Name": "DavidLee_2021",
    "Securitycode": "5555-6666-7777-8888"
  },
  {
    "Id": "e5f6g7h8-i9j0-1k2l-3m4n-5o6p7q8r9s0t",
    "Name": "Sophia_Martinez88",
    "Securitycode": "9999-0000-1111-2222"
  },
  {
    "Id": "f6g7h8i9-j0k1-2l3m-4n5o-6p7q8r9s0t1u",
    "Name": "JamesB_TheGreat",
    "Securitycode": "3333-4444-5555-6666"
  },
  {
    "Id": "g7h8i9j0-k1l2-3m4n-5o6p-7q8r9s0t1u2v",
    "Name": "Olivia_Wilson123",
    "Securitycode": "7777-8888-9999-0000"
  },
  {
    "Id": "h8i9j0k1-l2m3-4n5o-6p7q-8r9s0t1u2v3w",
    "Name": "MichaelD_456",
    "Securitycode": "1234-4321-5678-8765"
  },
  {
    "Id": "i9j0k1l2-m3n4-5o6p-7q8r-9s0t1u2v3w4x",
    "Name": "EmmaRodriguez_99",
    "Securitycode": "2345-6789-0123-4567"
  },
  {
    "Id": "j0k1l2m3-n4o5-6p7q-8r9s-0t1u2v3w4x5y",
    "Name": "Liam_Taylor_007",
    "Securitycode": "3456-7890-1234-5678"
  },
  {
    "Id": "k1l2m3n4-o5p6-7q8r-9s0t-1u2v3w4x5y6z",
    "Name": "Aurora_Dreamweaver42",
    "Securitycode": "4444-5555-6666-7777"
  },
  {
    "Id": "l2m3n4o5-p6q7-8r9s-0t1u-2v3w4x5y6z7a",
    "Name": "ZenithStarling88",
    "Securitycode": "8888-9999-0000-1111"
  },
  {
    "Id": "m3n4o5p6-q7r8-9s0t-1u2v-3w4x5y6z7a8b",
    "Name": "NebulaVoyager9000",
    "Securitycode": "2222-3333-4444-5555"
  },
  {
    "Id": "n4o5p6q7-r8s9-0t1u-2v3w-4x5y6z7a8b9c",
    "Name": "EclipsePhantom21",
    "Securitycode": "6666-7777-8888-9999"
  },
  {
    "Id": "o5p6q7r8-s9t0-1u2v-3w4x-5y6z7a8b9c0d",
    "Name": "MysticWhisper_xoxo",
    "Securitycode": "0000-1111-2222-3333"
  },
  {
    "Id": "p6q7r8s9-t0u1-2v3w-4x5y-6z7a8b9c0d1e",
    "Name": "NovaMirage3000",
    "Securitycode": "4444-3333-2222-1111"
  },
  {
    "Id": "q7r8s9t0-u1v2-3w4x-5y6z-7a8b9c0d1e2f",
    "Name": "ShadowNova1987",
    "Securitycode": "5555-6666-7777-8888"
  },
  {
    "Id": "r8s9t0u1-v2w3-4x5y-6z7a-8b9c0d1e2f3g",
    "Name": "EchoSilhouette7",
    "Securitycode": "9999-0000-1111-2222"
  },
  {
    "Id": "s9t0u1v2-w3x4-5y6z-7a8b-9c0d1e2f3g4h",
    "Name": "VortexDream2024",
    "Securitycode": "3333-4444-5555-6666"
  },
  {
    "Id": "t0u1v2w3-x4y5-6z7a-8b9c-0d1e2f3g4h5i",
    "Name": "Nebula_Vortex_X",
    "Securitycode": "7777-8888-9999-0000"
  },
  {
    "Id": "u1v2w3x4-y5z6-7a8b-9c0d-1e2f3g4h5i6j",
    "Name": "StarGazer777",
    "Securitycode": "5555-6666-7777-8888"
  },
  {
    "Id": "v2w3x4y5-z6a7-8b9c-0d1e-2f3g4h5i6j7k",
    "Name": "Quantum_Leap007",
    "Securitycode": "1111-2222-3333-4444"
  },
  {
    "Id": "w3x4y5z6-a7b8-9c0d-1e2f-3g4h5i6j7k8l",
    "Name": "Luna_Tide_2025",
    "Securitycode": "9999-0000-1111-2222"
  },
  {
    "Id": "x4y5z6a7-b8c9-0d1e-2f3g-4h5i6j7k8l9m",
    "Name": "CyberSonic_88",
    "Securitycode": "6666-7777-8888-9999"
  }
]